author,date,push,title,url
playerunknow, 4/18,6,[正妹] JK體育服,/bbs/Beauty/M.1650296525.A.788.html
wafiea708, 4/18,4,[正妹] Nana 林珍兒,/bbs/Beauty/M.1650296630.A.3FE.html
HarunaOno, 4/18,16,[正妹] 年輕時的葉全真,/bbs/Beauty/M.1650297471.A.343.html
vincentsoon, 4/19,3,[神人] 對岸的街拍美臀小模,/bbs/Beauty/M.1650298457.A.D77.html
ReiKuromiya, 4/19,15,[正妹] 恩妃,/bbs/Beauty/M.1650300732.A.5AE.html
handsomeouo, 4/19,23,[討論] Alexandra daddario yt 影片備份,/bbs/Beauty/M.1650304047.A.875.html
younglee, 4/19,13,[正妹] Formosa Sexy 進攻vs休息,/bbs/Beauty/M.1650337943.A.D20.html
mefifthfloor, 4/15,17,[正妹] 微熟女,/bbs/Beauty/M.1650009935.A.465.html
LLSGG, 4/19,14,[正妹] 中午了，來聚焦美食,/bbs/Beauty/M.1650339847.A.AA6.html
ckpot, 4/08,65,[公告] 不願上表特 ＆ 優文推薦 ＆ 檢舉建議專區,/bbs/Beauty/M.1617812701.A.727.html
CarlEdwards, 4/15,5,[神人] 請問這個美女,/bbs/Beauty/M.1650024007.A.139.html
ReiKuromiya, 4/15,8,[正妹] 劉寅娜,/bbs/Beauty/M.1650025205.A.FC9.html
ReiKuromiya, 4/15,8,[正妹] 申世景,/bbs/Beauty/M.1650025924.A.F1C.html
asxc530530, 4/15,17,[正妹] 浴缸拍,/bbs/Beauty/M.1650035249.A.75E.html
F1060113, 4/15,5,[正妹] 泰國,/bbs/Beauty/M.1650037794.A.776.html
ReiKuromiya, 4/16,12,[正妹] Sana,/bbs/Beauty/M.1650041766.A.32C.html
ReiKuromiya, 4/16,48,[正妹] 以色列,/bbs/Beauty/M.1650065788.A.181.html
kukulee, 4/17,18,[正妹] 毛衣,/bbs/Beauty/M.1650186266.A.EDA.html
cckcc, 4/16,77,[正妹] 台灣人在國外,/bbs/Beauty/M.1650080825.A.057.html
ckpot, 4/16,4,[正妹] 大尺碼｜肉特(A163),/bbs/Beauty/M.1650082151.A.8A9.html
playerunknow, 4/16,53,[正妹] 這種腿大家會覺得太粗嗎?,/bbs/Beauty/M.1650103361.A.134.html
Aotearoa, 4/17,20,[正妹] Shai Roash 以色列女孩,/bbs/Beauty/M.1650196836.A.F7D.html
playerunknow, 4/17,7,[正妹] 晃.gif,/bbs/Beauty/M.1650203315.A.51B.html
ReiKuromiya, 4/16,5,[正妹] 以色列,/bbs/Beauty/M.1650112943.A.89D.html
wafiea708, 4/16,15,[正妹] 申敏兒,/bbs/Beauty/M.1650113698.A.05E.html
andy199113, 4/17,16,[正妹] 大谷舞風 (NHK福井主播),/bbs/Beauty/M.1650137631.A.68E.html
sunny188, 4/17,X9,[正妹] 不需內著的衣服開箱。,/bbs/Beauty/M.1650160094.A.E75.html
moluck, 4/17,爆,[正妹] 成大醫學生 比基尼,/bbs/Beauty/M.1650206885.A.57C.html
mike9512, 4/17,18,[正妹] 貼身,/bbs/Beauty/M.1650208239.A.231.html
playerunknow, 4/17,39,[正妹] 呼之欲出,/bbs/Beauty/M.1650208900.A.90E.html
es91213, 4/18,7,[神人] 樓梯回望的膚絲OL,/bbs/Beauty/M.1650252802.A.6D4.html
chirex, 4/18,17,[正妹] 月曜日のたわわ,/bbs/Beauty/M.1650254349.A.B1E.html
LLSGG, 4/18,35,[正妹] 台灣 曬痕 好大,/bbs/Beauty/M.1650260491.A.099.html
Note5edge, 4/18,11,[正妹] 白皙 飽滿,/bbs/Beauty/M.1650265986.A.078.html
love1500274, 4/18,24,[正妹] 練太壯 - Miranda Cohen ,/bbs/Beauty/M.1650269522.A.56F.html
bbob, 4/18,24,[正妹] 輕熟女+性學博士,/bbs/Beauty/M.1650270185.A.3FA.html
jefflin0824, 4/18,36,[正妹] 盧正義,/bbs/Beauty/M.1650287201.A.72C.html
airgp32002, 4/18,6,[神人] 神中間黑色那位,/bbs/Beauty/M.1650287212.A.B04.html
ReiKuromiya, 4/18,7,[正妹] 澄田綾乃,/bbs/Beauty/M.1650291579.A.0A8.html
auditore, 4/13,64,[正妹] 泰國本斥,/bbs/Beauty/M.1649814337.A.FDB.html
Note5edge, 4/13,16,[正妹] 高中生,/bbs/Beauty/M.1649817188.A.35D.html
ReiKuromiya, 4/13,9,[正妹] 下車,/bbs/Beauty/M.1649826699.A.4F9.html
LLSGG, 4/13,22,[正妹] 韓國田徑,/bbs/Beauty/M.1649828591.A.956.html
asxc530530, 4/13,21,[正妹] 甜,/bbs/Beauty/M.1649829784.A.AC3.html
ReiKuromiya, 4/13,22,[正妹] 下車,/bbs/Beauty/M.1649831980.A.7C9.html
LLSGG, 4/13,15,[正妹] 香港 淚痣 不小,/bbs/Beauty/M.1649841611.A.569.html
GodMune0608, 4/13,20,[正妹] 南半球,/bbs/Beauty/M.1649844232.A.F63.html
birderent, 4/13,2,[神人] 覺得很有氣質的美女,/bbs/Beauty/M.1649852515.A.7EB.html
yavakaka, 4/13,1,[正妹] 甜美笑容辣身材,/bbs/Beauty/M.1649864460.A.F91.html
ReiKuromiya, 4/14,爆,[正妹] 上車,/bbs/Beauty/M.1649866244.A.8EF.html
wafiea708, 4/14,84,[正妹] 金多美,/bbs/Beauty/M.1649870459.A.AF9.html
playerunknow, 4/14,23,[正妹] Hello Venus權娜拉 大腿.gif,/bbs/Beauty/M.1649873769.A.C5F.html
sulaeric, 4/14,9,[正妹] 趙今麥長大了,/bbs/Beauty/M.1649880303.A.CCB.html
Aotearoa, 4/14,2,[正妹] 棕色捲髮,/bbs/Beauty/M.1649900778.A.4AF.html
mefifthfloor, 4/14,22,[正妹] 要下車還是上車？,/bbs/Beauty/M.1649901109.A.9A5.html
LLSGG, 4/14,51,[正妹] 最棒的CIA,/bbs/Beauty/M.1649907194.A.ECC.html
ReiKuromiya, 4/14,37,[正妹] Clara,/bbs/Beauty/M.1649908630.A.8F7.html
ReiKuromiya, 4/14,16,[正妹] 孫娜恩,/bbs/Beauty/M.1649911211.A.588.html
Note5edge, 4/14,13,[正妹] 氣質,/bbs/Beauty/M.1649934006.A.572.html
littledos, 4/14,9,[正妹] NMIXX隊長 Haewon,/bbs/Beauty/M.1649947238.A.2C0.html
ReiKuromiya, 4/15,16,[正妹] 島崎遥香,/bbs/Beauty/M.1649952633.A.F13.html
feathery, 4/15,4,[正妹] sharon,/bbs/Beauty/M.1649954259.A.C87.html
playerunknow, 4/15,10,[正妹] Apink 吳夏榮 大腿.gif,/bbs/Beauty/M.1649959635.A.540.html
asdfgzxc, 4/15,28,[正妹] 真子阿姨,/bbs/Beauty/M.1649980859.A.6D2.html
tyop4477, 4/15,5,[正妹] 笑容很甜,/bbs/Beauty/M.1649981603.A.941.html
ckpot, 4/15,1,[正妹] 大尺碼｜肉特(929),/bbs/Beauty/M.1649992824.A.ACB.html
HarunaOno, 4/15,6,[正妹] 台灣演員 虹茜,/bbs/Beauty/M.1649993870.A.856.html
LLSGG, 4/15,7,[正妹] 韓風穿搭 飽滿,/bbs/Beauty/M.1649994982.A.776.html
canon47, 4/15,爆,[帥哥] 成功高中大學長,/bbs/Beauty/M.1649995091.A.555.html
makilaifan, 4/15,爆,[正妹] Jennifer Connelly,/bbs/Beauty/M.1649995097.A.40C.html
LLSGG, 4/15,爆,[正妹] 請逮捕我,/bbs/Beauty/M.1649996361.A.360.html
love1500274, 4/15,20,[正妹] NBA球員的女友 - Mia Amabile,/bbs/Beauty/M.1650009375.A.7C0.html
s7503228, 4/12,8,[帥哥] 男孩子 ,/bbs/Beauty/M.1649728532.A.2C6.html
s7503228, 4/12,26,[正妹] 渾圓飽滿,/bbs/Beauty/M.1649728834.A.F39.html
s7503228, 4/12,23,[正妹] 渾圓飽滿,/bbs/Beauty/M.1649733522.A.530.html
brot, 4/12,8,[帥哥] 日職最帥,/bbs/Beauty/M.1649738500.A.36F.html
AmedRosario, 4/12,74,[正妹] 台灣 藏,/bbs/Beauty/M.1649739557.A.E4E.html
LLSGG, 4/12,35,[正妹] G奶 舉牌手,/bbs/Beauty/M.1649743728.A.CBC.html
ReiKuromiya, 4/12,41,[正妹] 下車,/bbs/Beauty/M.1649745892.A.A82.html
kairiyu, 4/12,X1,[正妹] 這麼可愛一定是,/bbs/Beauty/M.1649749339.A.69F.html
sam12213, 4/12,7,[正妹] 慕獅女孩-曼容,/bbs/Beauty/M.1649756539.A.DDE.html
LLSGG, 4/12,20,[正妹] 雛田,/bbs/Beauty/M.1649772475.A.D11.html
ReiKuromiya, 4/12,爆,[正妹] 下車,/bbs/Beauty/M.1649777836.A.B1D.html
onsera, 4/13,1,[神人] 神舞團名,/bbs/Beauty/M.1649780250.A.3C2.html
sure0219, 4/13,4,[正妹] 船井美玖,/bbs/Beauty/M.1649781703.A.15B.html
ReiKuromiya, 4/13,3,[正妹] 下車,/bbs/Beauty/M.1649785188.A.C24.html
d86249, 4/13,3,[神人] 廣告演員 (已找到),/bbs/Beauty/M.1649800152.A.ED8.html
epili, 4/13,11,[正妹] 熟女,/bbs/Beauty/M.1649810154.A.D20.html
HarunaOno, 4/13,8,[正妹] 日本單眼皮/內雙眼皮演員,/bbs/Beauty/M.1649811498.A.527.html
s30227, 4/11,6,[正妹] Cherry Bullet 裕姝(Yu Ju) 狗狗相美女,/bbs/Beauty/M.1649644165.A.C76.html
Note5edge, 4/11,53,[正妹] 童顏,/bbs/Beauty/M.1649649684.A.033.html
kelseyaya, 4/11,1,[廣告] 純情感「美日混血巨乳女孩」，日媒封：大器晚成的寫真界新星,/bbs/Beauty/M.1649658954.A.74A.html
AmedRosario, 4/11,39,[正妹] 台灣 護理師,/bbs/Beauty/M.1649659183.A.747.html
tyop4477, 4/11,12,[正妹] 沒別的就是大,/bbs/Beauty/M.1649661968.A.6A5.html
HarunaOno, 4/11,29,[正妹] 短髮世正ft.志效,/bbs/Beauty/M.1649663135.A.630.html
justin200428, 4/11,16,[神人] 請問這美女,/bbs/Beauty/M.1649665465.A.5C0.html
ckpot, 4/11,4,[正妹] 大尺碼｜肉特(A162),/bbs/Beauty/M.1649665591.A.CD2.html
love1500274, 4/11,53,[正妹] Klay Thompson的前女友們,/bbs/Beauty/M.1649669225.A.99F.html
Note5edge, 4/11,4,[正妹] 掉出來,/bbs/Beauty/M.1649669889.A.822.html
yavakaka, 4/11,37,[正妹] 請問這個美麗山峰,/bbs/Beauty/M.1649671808.A.315.html
Merkle, 4/11,2,[正妹] 絕佳視野,/bbs/Beauty/M.1649673465.A.C6D.html
LLSGG, 4/11,35,[正妹] 潛力股母女  都香,/bbs/Beauty/M.1649676368.A.3FE.html
jolyhsiao, 4/11,1,[正妹] 代露娃,/bbs/Beauty/M.1649679201.A.794.html
f21814, 4/11,9,[正妹] 可旬,/bbs/Beauty/M.1649679619.A.AE5.html
kobeismylove, 4/11,2,[神人] 想問廣告女明星,/bbs/Beauty/M.1649686293.A.E89.html
tabo355125, 4/11,X1,[神人] IG正妹,/bbs/Beauty/M.1649688859.A.8FF.html
dobedobedo, 4/12,1,[帥哥] Burns,/bbs/Beauty/M.1649700241.A.C13.html
GreenBeret, 4/12,6,[正妹] 這7位泳裝女孩兒，你選哪一個？,/bbs/Beauty/M.1649700526.A.00B.html
bbob, 4/12,36,[正妹] 新手媽媽,/bbs/Beauty/M.1649726399.A.320.html
AmedRosario, 4/09,83,[正妹] 印尼妹,/bbs/Beauty/M.1649496957.A.491.html
f21814, 4/09,爆,[正妹] 蔡黃汝,/bbs/Beauty/M.1649507204.A.124.html
kukulee, 4/09,6,[正妹] KR好身材,/bbs/Beauty/M.1649508581.A.EA1.html
ReiKuromiya, 4/09,3,[正妹] ギファード璃々愛,/bbs/Beauty/M.1649508864.A.F74.html
MegaWinner, 4/09,52,[正妹] 頂樓拍照,/bbs/Beauty/M.1649514306.A.9A9.html
jimmysinb, 4/10,21,[正妹] Yuna,/bbs/Beauty/M.1649559258.A.1D5.html
lakiki1128, 4/10,2,[正妹] 今井美穂,/bbs/Beauty/M.1649569658.A.68A.html
maxxxxxx, 4/10,爆,[帥哥] 佐佐木朗希,/bbs/Beauty/M.1649573645.A.18A.html
Wantway, 4/10,6,[正妹] 模特兒,/bbs/Beauty/M.1649587911.A.7EB.html
jolyhsiao, 4/10,2,[神人] 網上服飾網站的模特兒,/bbs/Beauty/M.1649589697.A.DB9.html
Wantway, 4/10,11,[正妹] 華裔感,/bbs/Beauty/M.1649590467.A.008.html
Wantway, 4/10,53,[正妹] 淡江,/bbs/Beauty/M.1649590882.A.129.html
ckpot, 4/10,3,[正妹] 大尺碼｜肉特(A161),/bbs/Beauty/M.1649595871.A.CAD.html
LLSGG, 4/10,62,[正妹] 台南 EEEEEEEEEEEE,/bbs/Beauty/M.1649600886.A.43B.html
wafiea708, 4/11,14,[正妹] Red Velvet Yeri,/bbs/Beauty/M.1649606640.A.FE7.html
karta328, 4/11,46,[廣告] 老闆娘與她的夥伴（四）,/bbs/Beauty/M.1649610396.A.14B.html
asxc530530, 4/11,14,[正妹] 癱軟在床上,/bbs/Beauty/M.1649611507.A.859.html
Wantway, 4/11,27,[正妹] 輔大,/bbs/Beauty/M.1649641246.A.517.html
n61208, 4/11,18,[正妹] 香港 微高領,/bbs/Beauty/M.1649642294.A.3AE.html
AmedRosario, 4/11,43,[正妹] 台灣 臉還好 小肉,/bbs/Beauty/M.1649644021.A.1CC.html
tk1211, 4/08,62,Re: [正妹] 網美裡面最大的吧？,/bbs/Beauty/M.1649412443.A.22F.html
Aotearoa, 4/08,9,[正妹] Julia Suhorukova 俄羅斯女孩,/bbs/Beauty/M.1649417263.A.77C.html
kop5011111, 4/08,41,[正妹] 人正會唱歌 蔡永淳,/bbs/Beauty/M.1649421010.A.702.html
epili, 4/08,17,[正妹] 大,/bbs/Beauty/M.1649422031.A.A2E.html
asxc530530, 4/08,7,[正妹] 新加坡空姐,/bbs/Beauty/M.1649429956.A.CDC.html
march9, 4/08,4,[正妹] 運動型正妹,/bbs/Beauty/M.1649433122.A.F84.html
gsp0309099, 4/09,7,[神人] 捷運上的大黑絲,/bbs/Beauty/M.1649434972.A.298.html
jerryc5938, 4/09,3,[神人] 太晃了 一段影片,/bbs/Beauty/M.1649440623.A.F24.html
HarunaOno, 4/09,42,[正妹] 日本演員水著篇,/bbs/Beauty/M.1649461282.A.E25.html
love1500274, 4/09,35,[正妹] NBA球員的另一半 - Kourtney Kellar,/bbs/Beauty/M.1649462074.A.9F1.html
mefifthfloor, 4/09,5,[神人] 採訪球員這位記者,/bbs/Beauty/M.1649464096.A.1D6.html
akanishiking, 4/09,2,[正妹] 類菜菜緒-夏海,/bbs/Beauty/M.1649473634.A.AC0.html
YenFuOne, 4/09,19,[正妹] 夏語心(寶咖咖),/bbs/Beauty/M.1649485854.A.7C3.html
LLSGG, 4/09,37,[正妹] 李奧納多的女友,/bbs/Beauty/M.1649490733.A.193.html
playerunknow, 4/09,21,[正妹] 平衡木(?) ,/bbs/Beauty/M.1649491165.A.9FA.html
kilmmy149, 4/09,13,[正妹] 香港 腿,/bbs/Beauty/M.1649491719.A.400.html
IS5F5566, 4/09,20,[正妹] 小嫻,/bbs/Beauty/M.1649492512.A.D60.html
A030502903, 4/06,20,[正妹] STU48 高雄 さやか,/bbs/Beauty/M.1649248962.A.957.html
jack5u06d93, 4/06,9,[正妹] 奶子雜圖,/bbs/Beauty/M.1649255329.A.425.html
ReiKuromiya, 4/06,4,[正妹] 惡魔天使,/bbs/Beauty/M.1649258073.A.5CC.html
ReiKuromiya, 4/06,4,[正妹] 辻 優衣,/bbs/Beauty/M.1649258463.A.37B.html
Aotearoa, 4/07,10,[正妹] 滿分10分,/bbs/Beauty/M.1649298685.A.C73.html
ckpot, 4/07,1,[正妹] 大尺碼｜肉特(924),/bbs/Beauty/M.1649304840.A.EDF.html
Note5edge, 4/07,爆,[正妹] 白皙 藏,/bbs/Beauty/M.1649309611.A.E2E.html
jenqhau, 4/07,3,[正妹] kwanthiti khopinitchai ,/bbs/Beauty/M.1649315835.A.DC8.html
AmedRosario, 4/07,27,[正妹]  不兇的,/bbs/Beauty/M.1649316409.A.285.html
AmedRosario, 4/07,爆,[正妹] 台灣 好身材,/bbs/Beauty/M.1649321930.A.339.html
nikeeric, 4/08,24,[正妹] 甜美系  高中生,/bbs/Beauty/M.1649356121.A.202.html
Note5edge, 4/08,40,[正妹] 練劍道的女孩,/bbs/Beauty/M.1649391051.A.B18.html
vincentsoon, 4/08,17,[正妹] 台灣網美裡面最大的吧？,/bbs/Beauty/M.1649397972.A.956.html
lakiki1128, 4/08,4,[正妹] 若菜みさ,/bbs/Beauty/M.1649400538.A.932.html
AmedRosario, 4/08,39,[正妹] 小小驚喜,/bbs/Beauty/M.1649401392.A.499.html
jefflin0824, 4/08,22,[正妹] 樂樂,/bbs/Beauty/M.1649411278.A.B0F.html
